APP-2009-012,US_A09_012
APP-2009-013,US_A09_013
APP-2009-014,US_A09_014
APP-2009-026,US_A09_026
APP-2009-028,US_A09_028
APP-2009-031,US_A09_031
APP-2009-032,US_A09_032
APP-2009-033,US_A09_033
APP-2009-036,US_A09_036
APP-2009-039,US_A09_039
APP-2009-069,US_A09_069
APP-2009-075,US_A09_075
APP-2009-093,US_A09_093
APP-2009-115,US_A09_115
APP-2009-115,US_A09_115
APP-2010-038,US_A10_038
APP-2010-112,US_A10_112
APP-2010-116,US_A10_116
APP-2010-135,US_A10_135
APP-2010-156,US_A10_156
APP-2010-164,US_A10_164
APP-2010-192,US_A10_192
APP-2011-005,US_A11_005
APP-2011-010,US_A11_010
APP-2011-016,US_A11_016
APP-2011-025,US_A11_025
